DDD,3D Systems Corp.
MMM,3M Company
EGHT,8x8 Inc.
AHC,A. H. Belo Corporation
AOS,AO Smith Corp.
AIR,AAR Corp.
AAN,"Aaron's, Inc."
ABT,Abbott Laboratories
ANF,Abercrombie & Fitch Co.
ABM,ABM Industries Incorporated
AKR,Acadia Realty Trust
ACEL,"Tamir Biotechnology, Inc."
ACN,Accenture plc
ACCO,ACCO Brands Corporation
AYI,"Acuity Brands, Inc."
ADT,The ADT Corporation
AAP,Advance Auto Parts Inc.
ACM,AECOM Technology Corporation
AMG,Affiliated Managers Group Inc.
AFL,AFLAC Inc.
AGCO,AGCO Corporation
A,Agilent Technologies Inc.
ADC,Agree Realty Corp.
APD,Air Products & Chemicals Inc.
ALG,"Alamo Group, Inc."
ALK,"Alaska Air Group, Inc."
ALB,Albemarle Corporation
ACI,Arch Coal Inc.
AA,Alcoa Inc.
ALEX,"Alexander & Baldwin, Inc."
ALX,Alexander's Inc.
ARE,"Alexandria Real Estate Equities, Inc."
Y,Alleghany Corporation
ATI,Allegheny Technologies Inc.
ALE,"ALLETE, Inc."
ADS,Alliance Data Systems Corporation
AB,AllianceBernstein Holding L.P.
ALSN,"Allison Transmission Holdings, Inc."
ALL,The Allstate Corporation
MO,Altria Group Inc.
AEE,Ameren Corporation
AMRC,"Ameresco, Inc."
AAT,"American Assets Trust, Inc."
AXL,American Axle & Manufacturing Holdings Inc.
ACC,"American Campus Communities, Inc."
AEO,"American Eagle Outfitters, Inc."
AEP,"American Electric Power Co., Inc."
AEL,American Equity Investment Life Holding Co.
AXP,American Express Company
AFG,American Financial Group Inc.
AIG,"American International Group, Inc."
ARL,American Realty Investors Inc.
AMT,American Tower Corporation
AWK,"American Water Works Company, Inc."
AMP,"Ameriprise Financial, Inc."
ABC,AmerisourceBergen Corporation
AP,Ampco-Pittsburgh Corp.
APH,Amphenol Corporation
AXR,AMREP Corporation
AME,Ametek Inc.
NLY,"Annaly Capital Management, Inc."
ANH,Anworth Mortgage Asset Corporation
AIV,Apartment Investment and Management Company
ARI,"Apollo Commercial Real Estate Finance, Inc."
APO,"Apollo Global Management, LLC"
AIT,"Applied Industrial Technologies, Inc."
ATR,"AptarGroup, Inc."
ABR,Arbor Realty Trust Inc.
ADM,Archer Daniels Midland Company
ACRE,Ares Commercial Real Estate Corporation
AGX,"Argan, Inc."
AI,Arlington Asset Investment Corp.
ARR,"ARMOUR Residential REIT, Inc."
AWI,"Armstrong World Industries, Inc."
ARW,"Arrow Electronics, Inc."
AJG,Arthur J Gallagher & Co.
APAM,Artisan Partners Asset Management Inc.
ABG,"Asbury Automotive Group, Inc."
AHT,"Ashford Hospitality Trust, Inc."
ASH,Ashland Inc.
AIZ,Assurant Inc.
AGO,Assured Guaranty Ltd.
HOME,Home Federal Bancorp Inc.
T,nan
ATO,Atmos Energy Corporation
ALV,"Autoliv, Inc."
AN,AutoNation Inc.
AZO,"AutoZone, Inc."
AVB,Avalonbay Communities Inc.
AVY,Avery Dennison Corporation
AVA,Avista Corp.
AXS,AXIS Capital Holdings Limited
AZZ,AZZ incorporated
BGS,nan
BMI,Badger Meter Inc.
BLL,Ball Corporation
BANC,"Banc of California, Inc."
BXS,"BancorpSouth, Inc."
BAC,Bank of America Corporation
BOH,Bank of Hawaii Corporation
BKU,"BankUnited, Inc."
B,Barnes Group Inc.
BAX,Baxter International Inc.
BBX,BBX Capital Corporation
BZH,Beazer Homes USA Inc.
BDX,"Becton, Dickinson and Company"
BHE,Benchmark Electronics Inc.
BERY,"Berry Plastics Group, Inc."
BIG,Big Lots Inc.
BH,Biglari Holdings Inc.
BKH,Black Hills Corporation
BLK,"BlackRock, Inc."
BXC,Bluelinx Holdings Inc.
BA,The Boeing Company
BCC,Boise Cascade Company
BCEI,"Bonanza Creek Energy, Inc."
BAH,Booz Allen Hamilton Holding Corporation
BWA,BorgWarner Inc.
SAM,Boston Beer Co. Inc.
BXP,Boston Properties Inc.
BSX,Boston Scientific Corporation
BOX,Box Ships Inc.
BYD,Boyd Gaming Corporation
BRC,Brady Corp.
BDN,Brandywine Realty Trust
BFAM,"Bright Horizons Family Solutions, Inc."
BV,"Bazaarvoice, Inc."
EAT,"Brinker International, Inc."
BCO,The Brink's Company
BMY,Bristol-Myers Squibb Company
BR,"Broadridge Financial Solutions, Inc."
BKD,Brookdale Senior Living Inc.
BRO,Brown & Brown Inc.
BRT,BRT Realty Trust
BC,Brunswick Corporation
BKE,"The Buckle, Inc."
BG,Bunge Limited
CBT,Cabot Corporation
COG,Cabot Oil & Gas Corporation
CACI,CACI International Inc.
CWT,California Water Service Group
CALX,Calix Inc.
ELY,Callaway Golf Co.
CPE,Callon Petroleum Company
CPT,Camden Property Trust
CPB,Campbell Soup Company
CWH,CommonWealth REIT
COF,Capital One Financial Corporation
CAH,"Cardinal Health, Inc."
CSL,Carlisle Companies Incorporated
CCL,Carnival Corporation
CRS,Carpenter Technology Corp.
CSV,Carriage Services Inc.
CAT,Caterpillar Inc.
CATO,The Cato Corporation
CBZ,"CBIZ, Inc."
CBL,CBL & Associates Properties Inc.
FUN,"Cedar Fair, L.P."
CDR,"Cedar Realty Trust, Inc."
CNC,Centene Corp.
CF,"CF Industries Holdings, Inc."
CRL,"Charles River Laboratories International, Inc."
CLDT,Chatham Lodging Trust
CHE,Chemed Corp.
CVX,Chevron Corporation
CHS,Chico's FAS Inc.
CIM,Chimera Investment Corporation
CGA,"China Green Agriculture, Inc."
CMG,"Chipotle Mexican Grill, Inc."
CHH,Choice Hotels International Inc.
CB,The Chubb Corporation
CHD,Church & Dwight Co. Inc.
CIEN,Ciena Corporation
CI,Cigna Corp.
XEC,Cimarex Energy Co.
CBB,Cincinnati Bell Inc.
CNK,Cinemark Holdings Inc.
CIR,"CIRCOR International, Inc."
CIT,CIT Group Inc.
C,Citigroup Inc.
CCC,Calgon Carbon Corporation
CCO,Clear Channel Outdoor Holdings Inc.
CLW,Clearwater Paper Corporation
CLF,Cliffs Natural Resources Inc.
CLX,The Clorox Company
CNA,CNA Financial Corporation
CNO,"CNO Financial Group, Inc."
CNX,CONSOL Energy Inc.
CDE,"Coeur Mining, Inc."
CNS,Cohen & Steers Inc.
CFX,Colfax Corporation
CL,Colgate-Palmolive Co.
CLNY,"Colony Financial, Inc."
CXP,"Columbia Property Trust, Inc."
CMA,Comerica Incorporated
FIX,Comfort Systems USA Inc.
CMC,Commercial Metals Company
CBU,Community Bank System Inc.
CYH,"Community Health Systems, Inc."
CODI,Compass Diversified Holdings
CMP,Compass Minerals International Inc.
CRK,Comstock Resources Inc.
CAG,"ConAgra Foods, Inc."
CXO,"Concho Resources, Inc."
CNMD,CONMED Corporation
COP,ConocoPhillips
ED,"Consolidated Edison, Inc."
STZ,Constellation Brands Inc.
CLR,"Continental Resources, Inc."
CTB,Cooper Tire & Rubber Co.
CLB,Core Laboratories NV
CXW,Corrections Corporation of America
COR,CoreSite Realty Corporation
GLW,Corning Inc.
CUZ,Cousins Properties Incorporated
CVA,Covanta Holding Corporation
CPF,Central Pacific Financial Corp.
CCI,Crown Castle International Corp.
CCK,Crown Holdings Inc.
CRY,CryoLife Inc.
CTS,CTS Corporation
CUB,Cubic Corporation
CFR,"Cullen/Frost Bankers, Inc."
CMI,Cummins Inc.
CW,Curtiss-Wright Corporation
CUBI,"Customers Bancorp, Inc."
CVI,"CVR Energy, Inc."
UAN,"CVR Partners, LP"
CVS,CVS Caremark Corporation
DHI,DR Horton Inc.
DAN,Dana Holding Corporation
DHR,Danaher Corp.
DRI,"Darden Restaurants, Inc."
DAR,Darling International Inc.
DVA,DaVita HealthCare Partners Inc.
DECK,Deckers Outdoor Corp.
DE,Deere & Company
DKL,"Delek Logistics Partners, LP"
DK,"Delek US Holdings, Inc."
DLPH,Delphi Automotive PLC
DAL,Delta Air Lines Inc.
DLX,Deluxe Corp.
DVN,Devon Energy Corporation
DHX,"Dice Holdings, Inc."
DRH,Diamondrock Hospitality Co.
DKS,Dick's Sporting Goods Inc.
DBD,"Diebold, Incorporated"
DLR,Digital Realty Trust Inc.
DDS,Dillard's Inc.
DIN,"DineEquity, Inc."
DFS,Discover Financial Services
DLB,"Dolby Laboratories, Inc."
DG,Dollar General Corporation
D,"Dominion Resources, Inc."
DPZ,"Domino's Pizza, Inc."
UFS,Domtar Corporation
DCI,"Donaldson Company, Inc."
PLOW,"Douglas Dynamics, Inc."
DEI,Douglas Emmett Inc
DOV,Dover Corporation
DVD,Dover Motorsports Inc.
DOW,The Dow Chemical Company
DRQ,"Dril-Quip, Inc."
DTE,DTE Energy Company
DCO,Ducommun Inc.
DUK,Duke Energy Corporation
DRE,Duke Realty Corporation
DNB,Dun & Bradstreet Corp.
DD,E. I. du Pont de Nemours and Company
DY,Dycom Industries Inc.
DX,Dynex Capital Inc.
EXP,Eagle Materials Inc.
EV,Eaton Vance Corp.
ECL,Ecolab Inc.
LLY,Eli Lilly and Company
EFC,Ellington Financial LLC
EME,EMCOR Group Inc.
EBS,"Emergent BioSolutions, Inc."
EIG,"Employers Holdings, Inc."
ENR,Energizer Holdings Inc.
ENS,EnerSys
EBF,Ennis Inc.
NPO,"EnPro Industries, Inc."
ETM,Entercom Communications Corp.
EVC,Entravision Communications Corporation
ENV,"Envestnet, Inc."
EPAM,"EPAM Systems, Inc."
EFX,Equifax Inc.
ESE,ESCO Technologies Inc.
ETH,Ethan Allen Interiors Inc.
EVR,Evercore Partners Inc.
RE,Everest Re Group Ltd.
EVTC,"EVERTEC, Inc."
EXPR,Express Inc.
EXR,Extra Space Storage Inc.
XOM,Exxon Mobil Corporation
FNB,F.N.B. Corporation
FN,Fabrinet
FDS,FactSet Research Systems Inc.
FICO,Fair Isaac Corporation
FFG,FBL Financial Group Inc.
AGM,Federal Agricultural Mortgage Corp.
FRT,Federal Realty Investment Trust
FDX,FedEx Corporation
FOE,Ferro Corporation
FNF,"Fidelity National Financial, Inc."
FIS,"Fidelity National Information Services, Inc."
FAF,First American Financial Corporation
FBP,First Bancorp
FCF,First Commonwealth Financial Corp.
FHN,First Horizon National Corporation
FR,First Industrial Realty Trust Inc.
FE,FirstEnergy Corp.
FBC,Flagstar Bancorp Inc.
FLT,"FleetCor Technologies, Inc."
FTK,Flotek Industries Inc.
FLO,"Flowers Foods, Inc."
FLS,Flowserve Corp.
FLR,Fluor Corporation
FMC,FMC Corp.
FL,"Foot Locker, Inc."
F,Ford Motor Co.
FOR,Forestar Group Inc.
FBHS,"Fortune Brands Home & Security, Inc."
FET,"Forum Energy Technologies, Inc."
FC,Franklin Covey Co.
BEN,Franklin Resources Inc.
FCX,Freeport-McMoRan Copper & Gold Inc.
FDP,Fresh Del Monte Produce Inc.
RESI,Altisource Residential Corporation
FCN,"FTI Consulting, Inc."
FF,FutureFuel Corp.
GBL,"GAMCO Investors, Inc."
GME,GameStop Corp.
GCI,"Gannett Co., Inc."
IT,Gartner Inc.
GNRC,Generac Holdings Inc.
GD,General Dynamics Corp.
GE,General Electric Company
GIS,"General Mills, Inc."
GM,General Motors Company
GCO,Genesco Inc.
GNE,Genie Energy Ltd.
G,Genpact Limited
GPC,Genuine Parts Company
GNW,Genworth Financial Inc.
GEO,"The GEO Group, Inc."
GLT,PH Glatfelter Co.
GB,"Greatbatch, Inc."
GLP,Global Partners LP
GPN,Global Payments Inc.
GMED,"Globus Medical, Inc."
GRC,Gorman-Rupp Co.
GPX,GP Strategies Corp.
GGG,Graco Inc.
GHM,Graham Corporation
GVA,Granite Construction Incorporated
GTN,Gray Television Inc.
GDOT,Green Dot Corporation
GBX,"The Greenbrier Companies, Inc."
GEF,"Greif, Inc."
GFF,Griffon Corporation
GPI,Group 1 Automotive Inc.
GES,Guess' Inc.
GWRE,"Guidewire Software, Inc."
HRB,nan
FUL,HB Fuller Co.
HAE,Haemonetics Corporation
HBI,Hanesbrands Inc.
HASI,"Hannon Armstrong Sustainable Infrastructure Capital, Inc."
HOG,"Harley-Davidson, Inc."
HSC,Harsco Corporation
HIG,"The Hartford Financial Services Group, Inc."
HVT,Haverty Furniture Companies Inc.
HE,Hawaiian Electric Industries Inc.
HCA,"HCA Holdings, Inc."
HCI,"HCI Group, Inc."
HR,Healthcare Realty Trust Incorporated
HTA,"Healthcare Trust of America, Inc."
HL,Hecla Mining Co.
HEI,HEICO Corporation
HLF,Herbalife Ltd.
HT,Hersha Hospitality Trust
HSY,The Hershey Company
HTZ,"Hertz Global Holdings, Inc."
HES,Hess Corporation
HXL,Hexcel Corp.
HIW,Highwoods Properties Inc.
HIL,"Hill International, Inc."
HI,"Hillenbrand, Inc."
HRC,"Hill-Rom Holdings, Inc."
HTH,Hilltop Holdings Inc.
HNI,HNI Corp.
HFC,HollyFrontier Corporation
HON,Honeywell International Inc.
HMN,Horace Mann Educators Corp.
HRL,Hormel Foods Corporation
HST,"Host Hotels & Resorts, Inc."
HOV,Hovnanian Enterprises Inc.
HHC,The Howard Hughes Corporation
HPQ,Hewlett-Packard Company
HUBB,Hubbell Inc.
HPP,"Hudson Pacific Properties, Inc."
HUM,Humana Inc.
HII,"Huntington Ingalls Industries, Inc."
HUN,Huntsman Corporation
H,Hyatt Hotels Corporation
HY,"Hyster-Yale Materials Handling, Inc."
IDA,"IdaCorp, Inc."
IEX,IDEX Corporation
IDT,IDT Corporation
ITW,Illinois Tool Works Inc.
IMAX,IMAX Corporation
IHC,Independence Holding Co.
IR,Ingersoll-Rand Plc
INGR,Ingredion Incorporated
IPHI,Inphi Corporation
NSP,"Insperity, Inc."
ICE,"IntercontinentalExchange Group, Inc."
IBM,International Business Machines Corporation
IFF,International Flavors & Fragrances Inc.
IP,International Paper Company
IPG,"The Interpublic Group of Companies, Inc."
IPI,"Intrepid Potash, Inc."
IVC,Invacare Corporation
IVR,Invesco Mortgage Capital Inc.
IVZ,Invesco Ltd.
IRET,Investors Real Estate Trust
IO,ION Geophysical Corporation
IRM,Iron Mountain Inc.
ITT,ITT Corporation
JBL,Jabil Circuit Inc.
JMP,JMP Group Inc.
JBT,John Bean Technologies Corporation
JNJ,Johnson & Johnson
JCI,Johnson Controls Inc.
JNPR,"Juniper Networks, Inc."
LRN,"K12, Inc."
KOP,Koppers Holdings Inc.
KFY,Korn/Ferry International
KOS,Kosmos Energy Ltd.
KRA,Kraton Performance Polymers Inc.
KRO,"Kronos Worldwide, Inc."
SCX,The L.S. Starrett Company
LH,Laboratory Corp. of America Holdings
LCI,"Lannett Company, Inc."
LPI,"Laredo Petroleum, Inc."
LVS,Las Vegas Sands Corp.
LZB,La-Z-Boy Incorporated
LEA,Lear Corp.
LEE,"Lee Enterprises, Incorporated"
LEG,"Leggett & Platt, Incorporated"
LEN,Lennar Corp.
LII,"Lennox International, Inc."
LXP,Lexington Realty Trust
LSI,LSI Corporation
LNC,Lincoln National Corporation
LNN,Lindsay Corporation
LAD,Lithia Motors Inc.
LYV,"Live Nation Entertainment, Inc."
LMT,Lockheed Martin Corporation
LPX,Louisiana-Pacific Corp.
LOW,Lowe's Companies Inc.
LTC,LTC Properties Inc.
LUB,"Luby's, Inc."
LL,"Lumber Liquidators Holdings, Inc."
LDL,Lydall Inc.
LYB,LyondellBasell Industries NV
MDC,MDC Holdings Inc.
MHO,"M/I Homes, Inc."
MAC,The Macerich Company
M,"Macy's, Inc."
MMP,Magellan Midstream Partners LP
MTW,"The Manitowoc Company, Inc."
MN,"Manning & Napier, Inc."
MAN,ManpowerGroup Inc.
MPC,Marathon Petroleum Corporation
MCS,The Marcus Corporation
MPX,Marine Products Corp.
HZO,Marinemax Inc.
MKL,Markel Corp.
VAC,Marriott Vacations Worldwide Corp.
MMC,"Marsh & McLennan Companies, Inc."
MLM,Martin Marietta Materials Inc.
MAS,Masco Corporation
MTZ,"MasTec, Inc."
MA,MasterCard Incorporated
MTDR,Matador Resources Company
MTRN,Materion Corporation
MLP,"Maui Land & Pineapple Company, Inc."
MMS,"MAXIMUS, Inc."
MXL,"MaxLinear, Inc."
MKC,"McCormick & Company, Incorporated"
MCD,McDonald's Corp.
MCK,McKesson Corporation
MDU,MDU Resources Group Inc.
MPW,Medical Properties Trust Inc.
MED,Medifast Inc.
MD,"MEDNAX, Inc."
MDT,"Medtronic, Inc."
MRK,Merck & Co. Inc.
MCY,Mercury General Corporation
MDP,Meredith Corporation
MTH,Meritage Homes Corporation
MTOR,"Meritor, Inc."
MEI,"Methode Electronics, Inc."
MET,"MetLife, Inc."
MTD,Mettler-Toledo International Inc.
MFA,"MFA Financial, Inc."
MTG,MGIC Investment Corp.
MGM,MGM Resorts International
MAA,Mid-America Apartment Communities Inc.
MTX,Minerals Technologies Inc.
MG,"Mistras Group, Inc."
MODN,"Model N, Inc."
MOD,Modine Manufacturing Company
MHK,Mohawk Industries Inc.
MOH,"Molina Healthcare, Inc."
TAP,Molson Coors Brewing Company
MNR,Monmouth Real Estate Investment Corp.
MCO,Moody's Corporation
MOS,The Mosaic Company
MOV,"Movado Group, Inc."
MRC,MRC Global Inc.
MSM,MSC Industrial Direct Co. Inc.
MSCI,MSCI Inc.
MWA,"Mueller Water Products, Inc."
MYE,Myers Industries Inc.
NC,Nacco Industries Inc.
NFG,National Fuel Gas Company
NHI,National Health Investors Inc.
NOV,"National Oilwell Varco, Inc."
NPK,National Presto Industries Inc.
NNN,"National Retail Properties, Inc."
NGS,Natural Gas Services Group Inc.
NGVC,"Natural Grocers by Vitamin Cottage, Inc."
NRP,Natural Resource Partners LP
NLS,Nautilus Inc.
NAV,Navistar International Corporation
NCR,NCR Corp.
NP,"Neenah Paper, Inc."
NNI,"Nelnet, Inc."
NPTN,NeoPhotonics Corporation
NYCB,New York Community Bancorp Inc.
NJR,New Jersey Resources Corp.
NEU,NewMarket Corporation
NEM,Newmont Mining Corporation
NR,Newpark Resources Inc.
NEE,"NextEra Energy, Inc."
NGL,NGL Energy Partners LP
NLSN,Nielsen Holdings N.V.
NKE,"Nike, Inc."
NI,NiSource Inc.
NL,NL Industries Inc.
NSC,Norfolk Southern Corporation
NOC,Northrop Grumman Corporation
NWE,Northwestern Corporation
NCLH,Norwegian Cruise Line Holdings Ltd.
NRG,"NRG Energy, Inc."
NUS,Nu Skin Enterprises Inc.
NUE,Nucor Corporation
NS,NuStar Energy L.P.
NVR,"NVR, Inc."
OXY,Occidental Petroleum Corporation
OFG,OFG Bancorp
ODC,Oil-Dri Corp. of America
ORI,Old Republic International Corporation
ORCL,Oracle Corporation
ORN,"Orion Marine Group, Inc"
OSK,Oshkosh Corporation
OC,Owens Corning
OXM,Oxford Industries Inc.
PCG,nan
PKG,Packaging Corporation of America
PANW,"Palo Alto Networks, Inc."
PHX,Panhandle Oil and Gas Inc.
PAR,PAR Technology Corporation
PKE,Park Electrochemical Corp.
PBF,PBF Energy Inc.
BTU,Peabody Energy Corp.
PEB,Pebblebrook Hotel Trust
PEI,Pennsylvania Real Estate Investment Trust
PFSI,"PennyMac Financial Services, Inc."
PAG,"Penske Automotive Group, Inc."
PRGO,Perrigo Company Public Limited Company
PFE,Pfizer Inc.
PGTI,"PGT, Inc."
PSX,Phillips 66
PNW,Pinnacle West Capital Corporation
PXD,Pioneer Natural Resources Co.
PBI,Pitney Bowes Inc.
PAA,"Plains All American Pipeline, L.P."
PLT,"Plantronics, Inc."
PNC,"The PNC Financial Services Group, Inc."
PNM,"PNM Resources, Inc."
PII,"Polaris Industries, Inc."
POR,Portland General Electric Company
POST,"Post Holdings, Inc."
PPG,PPG Industries Inc.
PPL,PPL Corporation
PBH,"Prestige Brands Holdings, Inc."
PRI,"Primerica, Inc."
PRMW,Primo Water Corporation
PRA,ProAssurance Corporation
PG,The Procter & Gamble Company
PRO,"PROS Holdings, Inc."
PBY,nan
PB,Prosperity Bancshares Inc.
PRLB,"Proto Labs, Inc."
PFS,"Provident Financial Services, Inc."
PRU,"Prudential Financial, Inc."
PSB,PS Business Parks Inc.
PEG,Public Service Enterprise Group Inc.
PSA,Public Storage
PVH,PVH Corp.
QUAD,"Quad/Graphics, Inc."
KWR,Quaker Chemical Corporation
NX,Quanex Building Products Corporation
DGX,Quest Diagnostics Inc.
RRD,R.R. Donnelley & Sons Company
RL,Ralph Lauren Corporation
RRC,Range Resources Corporation
RJF,"Raymond James Financial, Inc."
RYN,Rayonier Inc.
RLGY,Realogy Holdings Corp.
O,Realty Income Corporation
RLH,Red Lion Hotels Corporation
RM,Regional Management Corp.
RF,Regions Financial Corporation
RGS,Regis Corp.
RGA,Reinsurance Group of America Inc.
RNR,RenaissanceRe Holdings Ltd.
RSG,"Republic Services, Inc."
RMD,ResMed Inc.
RFP,Resolute Forest Products Inc.
RPAI,"Retail Properties of America, Inc."
REX,REX American Resources Corporation
RXN,Rexnord Corporation
RH,"Restoration Hardware Holdings, Inc."
RAD,Rite Aid Corporation
RLI,RLI Corp.
RHI,Robert Half International Inc.
RKT,Rock-Tenn Company
ROK,Rockwell Automation Inc.
ROG,Rogers Corporation
ROL,Rollins Inc.
ROP,Roper Industries Inc.
RCL,Royal Caribbean Cruises Ltd.
RES,RPC Inc.
RPM,RPM International Inc.
RPT,Ramco-Gershenson Properties Trust
R,"Ryder System, Inc."
SFE,"Safeguard Scientifics, Inc."
SBH,Sally Beauty Holdings Inc.
SD,"SandRidge Energy, Inc."
SLB,Schlumberger Limited
SWM,Schweitzer-Mauduit International Inc.
SMG,The Scotts Miracle-Gro Company
SCU,Scana Corporation SCANA CORPORA
SE,Spectra Energy Corp.
SEE,Sealed Air Corporation
SEAS,"SeaWorld Entertainment, Inc."
SEM,Select Medical Holdings Corporation
SRE,Sempra Energy
ST,Sensata Technologies Holding NV
SXT,Sensient Technologies Corporation
SCI,Service Corporation International
NOW,"ServiceNow, Inc."
SSTK,"Shutterstock, Inc."
SIG,Signet Jewelers Limited
SPG,Simon Property Group Inc.
SSD,"Simpson Manufacturing Co., Inc."
SIX,Six Flags Entertainment Corporation
SJW,SJW Corp.
SKX,Skechers USA Inc.
SKY,Skyline Corp.
SLG,SL Green Realty Corp.
SM,SM Energy Company
SNA,Snap-on Inc.
SWI,"SolarWinds, Inc."
SAH,Sonic Automotive Inc.
SON,Sonoco Products Co.
SJI,"South Jersey Industries, Inc."
SO,Southern Company
SCCO,Southern Copper Corp.
LUV,Southwest Airlines Co.
SWX,Southwest Gas Corporation
SWN,Southwestern Energy Co.
SR,The Standard Register Company
SPR,"Spirit AeroSystems Holdings, Inc."
SAVE,"Spirit Airlines, Inc."
FLOW,Flow International Corporation
JOE,The St. Joe Company
STAG,"STAG Industrial, Inc."
SMP,Standard Motor Products Inc.
SXI,Standex International Corporation
SWK,"Stanley Black & Decker, Inc."
SRT,"StarTek, Inc."
SPLP,Steel Partners Holdings L.P
SCS,Steelcase Inc.
SCL,Stepan Company
STE,Steris Corp.
STL,Sterling Bancorp.
STC,Stewart Information Services Corporation
SF,Stifel Financial Corp.
STON,Stonemor Partners LP
SRI,Stoneridge Inc.
SYK,Stryker Corporation
RGR,"Sturm, Ruger & Co. Inc."
SPH,"Suburban Propane Partners, L.P."
INN,"Summit Hotel Properties, Inc."
SMLP,"Summit Midstream Partners, LP"
SUI,Sun Communities Inc.
SXC,SunCoke Energy Inc.
SUP,"Superior Industries International, Inc."
SNX,SYNNEX Corp.
SNV,Synovus Financial Corporation
SYY,Sysco Corporation
TAL,"TAL International Group, Inc."
SKT,Tanger Factory Outlet Centers Inc.
TGT,Target Corp.
TCO,"Taubman Centers, Inc."
TMHC,Taylor Morrison Home Corporation
TCP,"TC PipeLines, LP"
TEL,TE Connectivity Ltd.
TISI,"Team, Inc."
FTI,"FMC Technologies, Inc."
TRC,Tejon Ranch Co.
TDY,Teledyne Technologies Inc.
TFX,Teleflex Incorporated
TPX,Tempur Sealy International Inc.
THC,Tenet Healthcare Corp.
TNC,Tennant Company
TEN,Tenneco Inc.
TDC,Teradata Corporation
TEX,Terex Corp.
TRNO,Terreno Realty Corp.
TTI,"TETRA Technologies, Inc."
TPL,Texas Pacific Land Trust
TXT,Textron Inc.
AES,The AES Corporation
SCHW,The Charles Schwab Corporation
COO,The Cooper Companies Inc.
THG,The Hanover Insurance Group Inc.
TRV,"The Travelers Companies, Inc."
TMO,"Thermo Fisher Scientific, Inc."
THR,"Thermon Group Holdings, Inc."
THO,Thor Industries Inc.
TDW,Tidewater Inc.
TIF,Tiffany & Co.
TLYS,"Tilly's, Inc."
TKR,Timken Co.
TWI,Titan International Inc.
TJX,"The TJX Companies, Inc."
TOL,Toll Brothers Inc.
TR,Tootsie Roll Industries Inc.
TTC,Toro Co.
TCI,Transcontinental Realty Investors Inc.
TDG,TransDigm Group Incorporated
TG,Tredegar Corp.
THS,"Treehouse Foods, Inc."
TREX,Trex Co. Inc.
TPH,"TRI Pointe Homes, Inc."
GTS,Triple-S Management Corporation
TGI,"Triumph Group, Inc."
TBI,"TrueBlue, Inc."
TUP,Tupperware Brands Corporation
TPC,Tutor Perini Corporation
TWO,Two Harbors Investment Corp.
TYL,"Tyler Technologies, Inc."
TSN,"Tyson Foods, Inc."
USB,U.S. Bancorp
SLCA,"U.S. Silica Holdings, Inc."
UDR,"UDR, Inc."
UGI,UGI Corporation
UA,"Under Armour, Inc."
UFI,Unifi Inc.
UNF,UniFirst Corp.
UNP,Union Pacific Corporation
UIS,Unisys Corporation
UNFI,"United Natural Foods, Inc."
UPS,"United Parcel Service, Inc."
URI,"United Rentals, Inc."
X,United States Steel Corp.
UNH,UnitedHealth Group Incorporated
UTL,Unitil Corp.
UVV,Universal Corporation
UHT,Universal Health Realty Income Trust
UHS,Universal Health Services Inc.
UTI,"Universal Technical Institute, Inc."
UNM,Unum Group
UBA,Urstadt Biddle Properties Inc.
UBP,Urstadt Biddle Properties Inc.
USNA,USANA Health Sciences Inc.
EGY,Vaalco Energy Inc.
MTN,Vail Resorts Inc.
VLO,Valero Energy Corporation
VHI,"Valhi, Inc."
VMI,"Valmont Industries, Inc."
VAR,"Varian Medical Systems, Inc."
VTR,"Ventas, Inc."
VZ,Verizon Communications Inc.
VRS,Verso Paper Corp.
VHC,VirnetX Holding Corp
V,Visa Inc.
VSH,Vishay Intertechnology Inc.
VPG,"Vishay Precision Group, Inc."
VCRA,"Vocera Communications, Inc."
VNO,Vornado Realty Trust
VOYA,"Voya Financial, Inc."
VMC,Vulcan Materials Company
WTI,nan
GRA,W.R. Grace & Co.
WDR,"Waddell & Reed Financial, Inc."
WD,"Walker & Dunlop, Inc."
WMT,Wal-Mart Stores Inc.
DIS,The Walt Disney Company
HCC,HCC Insurance Holdings Inc.
WRE,Washington Real Estate Investment Trust
WCN,Waste Connections Inc.
WM,"Waste Management, Inc."
WAT,Waters Corporation
WSO,Watsco Inc.
WTS,"Watts Water Technologies, Inc."
WBS,Webster Financial Corp.
WEC,Wisconsin Energy Corp.
WRI,Weingarten Realty Investors
WMK,"Weis Markets, Inc."
WFC,Wells Fargo & Company
WCC,WESCO International Inc.
WST,"West Pharmaceutical Services, Inc."
WAL,Western Alliance Bancorporation
WU,The Western Union Company
WAB,Westinghouse Air Brake Technologies Corporation
WLK,Westlake Chemical Corp.
WHG,Westwood Holdings Group Inc.
WY,Weyerhaeuser Co.
WHR,Whirlpool Corp.
WTM,"White Mountains Insurance Group, Ltd."
WLL,Whiting Petroleum Corp.
WMB,"Williams Companies, Inc."
WSM,Williams-Sonoma Inc.
WGO,"Winnebago Industries, Inc."
WWW,Wolverine World Wide Inc.
INT,World Fuel Services Corp.
WWE,World Wrestling Entertainment Inc.
WOR,"Worthington Industries, Inc."
WPX,"WPX Energy, Inc."
XRX,Xerox Corporation
XPO,"XPO Logistics, Inc."
XYL,Xylem Inc.
YELP,"Yelp, Inc."
YUM,"Yum! Brands, Inc."
FLWS,1-800-Flowers.com Inc.
FCCY,1st Constitution Bancorp
SRCE,1st Source Corporation
EGHT,8x8 Inc.
AAON,AAON Inc.
ABMD,"ABIOMED, Inc."
AXAS,Abraxas Petroleum Corp.
ACTG,Acacia Research Corporation
ACHC,"Acadia Healthcare Company, Inc."
ACAD,ACADIA Pharmaceuticals Inc.
AXDX,"Accelerate Diagnostics, Inc."
ARAY,Accuray Incorporated
ACRX,"AcelRx Pharmaceuticals, Inc."
ACIW,"ACI Worldwide, Inc."
ACNB,ACNB Corp.
ACOR,"Acorda Therapeutics, Inc."
ATVI,"Activision Blizzard, Inc."
ADUS,Addus HomeCare Corporation
AEY,ADDvantage Technologies Group Inc.
ACET,Aceto Corp.
ADBE,Adobe Systems Inc.
ADTN,ADTRAN Inc.
ADES,"Advanced Emissions Solutions, Inc."
AEIS,"Advanced Energy Industries, Inc."
AMD,"Advanced Micro Devices, Inc."
AEGN,Aegion Corporation
AEHR,Aehr Test Systems
AVAV,"AeroVironment, Inc."
AGEN,Agenus Inc.
AGYS,Agilysys Inc.
AGNC,American Capital Agency Corp.
AGNCP,American Capital Agency Corp.
API,Advanced Photonix Inc.
AIRT,Air T Inc.
AKAM,"Akamai Technologies, Inc."
ALSK,Alaska Communications Systems Group Inc.
ALXN,"Alexion Pharmaceuticals, Inc."
ALCO,Alico Inc.
ALGN,Align Technology Inc.
ALIM,"Alimera Sciences, Inc."
ALKS,Alkermes plc
ALGT,Allegiant Travel Company
ARLP,Alliance Resource Partners LP
LNT,Alliant Energy Corporation
AHPI,Allied Healthcare Products Inc.
AMOT,Allied Motion Technologies Inc.
ALNY,"Alnylam Pharmaceuticals, Inc."
AOSL,"Alpha & Omega Semiconductor, Ltd."
GOOG,Google Inc.
ATEC,"Alphatec Holdings, Inc."
ALTR,Altera Corp.
ASPS,Altisource Portfolio Solutions S.A.
AIMC,Altra Industrial Motion Corp.
AMAG,"AMAG Pharmaceuticals, Inc."
AMZN,Amazon.com Inc.
AMBA,"Ambarella, Inc."
AMCX,AMC Networks Inc.
AMED,Amedisys Inc.
UHAL,AMERCO
AMNB,American National Bankshares Inc.
ANAT,American National Insurance Co.
APEI,"American Public Education, Inc."
AMRB,American River Bankshares
AMSWA,"American Software, Inc."
AMSC,American Superconductor Corporation
AMWD,American Woodmark Corp.
CRMT,America's Car-Mart Inc.
ABCB,Ameris Bancorp
AMSF,"Amerisafe, Inc."
ASRV,"AmeriServ Financial, Inc."
ATLO,Ames National Corporation
AMGN,Amgen Inc.
FOLD,"Amicus Therapeutics, Inc."
AMKR,"Amkor Technology, Inc."
ASYS,Amtech Systems Inc.
AMRS,"Amyris, Inc."
ADI,"Analog Devices, Inc."
ANDA,"Tecnoglass, Inc."
ANDAU,Andina Acquisition Corporation
ANDAW,Andina Acquisition Corporation
ANGI,"Angie's List, Inc."
ANGO,AngioDynamics Inc.
ANIK,Anika Therapeutics Inc.
ANSS,"Ansys, Inc."
ATRS,Antares Pharma Inc.
APA,Apache Corp.
APOG,"Apogee Enterprises, Inc."
AAPL,Apple Inc.
AMAT,"Applied Materials, Inc."
ABIO,"ARCA biopharma, Inc."
ACGL,Arch Capital Group Ltd.
ARNA,"Arena Pharmaceuticals, Inc."
ARKR,Ark Restaurants Corp.
AROW,Arrow Financial Corporation
ARWR,Arrowhead Research Corp.
ARTNA,Artesian Resources Corp.
ARTW,Art's-Way Manufacturing Co. Inc.
AZPN,"Aspen Technology, Inc."
AWH,"Allied World Assurance Company Holdings, AG"
ASFI,Asta Funding Inc.
ASTE,"Astec Industries, Inc."
ATRO,Astronics Corporation
ALOT,"Astro-Med, Inc."
ASTC,Astrotech Corp.
ASUR,"Asure Software, Inc."
ATHX,"Athersys, Inc."
AAME,Atlantic American Corp.
ATLC,Atlanticus Holdings Corporation
AAWW,Atlas Air Worldwide Holdings Inc.
ATNI,"Atlantic Tele-Network, Inc."
ATOS,"Atossa Genetics, Inc."
ATRC,"AtriCure, Inc."
ATRI,ATRION Corp.
LIFE,Life Technologies Corporation
AUBN,"Auburn National Bancorporation, Inc."
ADSK,"Autodesk, Inc."
ADP,"Automatic Data Processing, Inc."
AVEO,"AVEO Pharmaceuticals, Inc."
AVNW,"Aviat Networks, Inc."
AVID,"Avid Technology, Inc."
CAR,"Avis Budget Group, Inc."
AVT,"Avnet, Inc."
AWRE,"Aware, Inc."
ACLS,Axcelis Technologies Inc.
AXTI,AXT Inc.
BCPC,Balchem Corp.
BANF,BancFirst Corporation
BOCH,Bank of Commerce Holdings
BOTJ,Bank of the James Financial Group Inc.
BFIN,BankFinancial Corp.
BANR,Banner Corporation
BBSI,Barrett Business Services Inc.
BSET,"Bassett Furniture Industries, Incorporated"
BECN,"Beacon Roofing Supply, Inc."
BBGI,Beasley Broadcast Group Inc.
BBBY,Bed Bath & Beyond Inc.
BELFA,Bel Fuse Inc.
BELFB,Bel Fuse Inc.
BGCP,"BGC Partners, Inc."
BGFV,Big 5 Sporting Goods Corp.
BASI,Bioanalytical Systems Inc.
BIOC,"Biocept, Inc."
BCRX,"BioCryst Pharmaceuticals, Inc."
BDSI,"BioDelivery Sciences International, Inc."
BIIB,Biogen Idec Inc.
BIOL,"BIOLASE, Inc."
TECH,Techne Corp.
BJRI,"BJ's Restaurants, Inc."
BLKB,Blackbaud Inc.
BLMN,"Bloomin' Brands, Inc."
BCOR,"Blucora, Inc."
WIFI,"Boingo Wireless, Inc."
BOKF,BOK Financial Corporation
BPFH,"Boston Private Financial Holdings, Inc."
EPAY,Bottomline Technologies
BDGE,"Bridge Bancorp, Inc."
BRID,Bridgford Foods Corp.
BCOV,"Brightcove, Inc."
BRLI,Bio-Reference Laboratories Inc.
AVGO,Avago Technologies Limited
BYFC,Broadway Financial Corporation
BRKL,"Brookline Bancorp, Inc."
BRKS,"Brooks Automation, Inc."
BRKR,Bruker Corporation
BMTC,Bryn Mawr Bank Corp.
BSQR,BSQUARE Corp.
BLDR,"Builders FirstSource, Inc."
CFFI,nan
CHRW,CH Robinson Worldwide Inc.
CCMP,Cabot Microelectronics Corporation
CDNS,Cadence Design Systems Inc.
CDZI,Cadiz Inc.
CZR,Caesars Entertainment Corporation
CAMP,CalAmp Corp.
CVGW,Calavo Growers Inc.
CALM,"Cal-Maine Foods, Inc."
CAC,Camden National Corp.
CPHC,Canterbury Park Holding Corporation
CBNK,"Chicopee Bancorp, Inc."
CCBG,Capital City Bank Group Inc.
CSWC,Capital Southwest Corporation
CFFN,"Capitol Federal Financial, Inc."
CPST,Capstone Turbine Corp.
CSII,Cardiovascular Systems Inc.
CATM,Cardtronics Inc.
PRTS,"U.S. Auto Parts Network, Inc."
TAST,"Carrols Restaurant Group, Inc."
CARV,"Carver Bancorp, Inc."
CWST,Casella Waste Systems Inc.
CASY,"Casey's General Stores, Inc."
CASS,"Cass Information Systems, Inc."
CPRX,Catalyst Pharmaceutical Partners Inc.
CATY,Cathay General Bancorp
CVCO,"Cavco Industries, Inc."
CBOE,"CBOE Holdings, Inc."
CECE,CECO Environmental Corp.
CLDX,"Celldex Therapeutics, Inc."
CLSN,Celsion Corp.
CETV,Central European Media Enterprises Ltd.
CENT,Central Garden & Pet Company
CENTA,Central Garden & Pet Company
CVCY,Central Valley Community Bancorp
CENX,Century Aluminum Co.
CNBKA,Century Bancorp Inc.
CERN,Cerner Corporation
CERS,Cerus Corporation
CEVA,CEVA Inc.
CFBK,Central Federal Corp.
CTHR,Charles & Colvard Ltd.
GTLS,Chart Industries Inc.
CEMI,"Chembio Diagnostics, Inc."
CHMG,Chemung Financial Corporation
PLCE,The Children
CMRX,"Chimerix, Inc."
CAAS,China Automotive Systems Inc.
CBPO,"China Biologic Products, Inc."
HGSH,China HGS Real Estate Inc.
CJJD,"China Jo-Jo Drugstores, Inc."
CXDC,China XD Plastics Company Ltd.
CHSCP,"CHS, Inc."
CHUY,"Chuy's Holdings, Inc."
CINF,Cincinnati Financial Corp.
CIDM,Cinedigm Corp.
CTAS,Cintas Corporation
CRUS,Cirrus Logic Inc.
CSCO,"Cisco Systems, Inc."
CTRN,"Citi Trends, Inc."
CZNC,Citizens & Northern Corp.
CZWI,"Citizens Community Bancorp, Inc."
CIZN,Citizens Holding Company
CTXS,"Citrix Systems, Inc."
CHCO,City Holding Co.
CLNE,Clean Energy Fuels Corp.
CACG,Chart Acquisition Corp.
CLFD,"Clearfield, Inc."
CLRO,"ClearOne, Inc."
CLIR,Clearsign Combustion Corp.
CBLI,"Cleveland BioLabs, Inc."
CLVS,"Clovis Oncology, Inc."
CME,CME Group Inc.
CCNE,CNB Financial Corp.
COKE,Coca-Cola Bottling Co. Consolidated
CDXS,"Codexis, Inc."
CVLY,Codorus Valley Bancorp Inc.
CCOI,"Cogent Communications Group, Inc."
CGNX,Cognex Corporation
CTSH,Cognizant Technology Solutions Corporation
COHR,Coherent Inc.
COHU,"Cohu, Inc."
CLCT,Collectors Universe Inc.
CBAN,Colony Bankcorp Inc.
COLB,Columbia Banking System Inc.
COLM,Columbia Sportswear Company
CMCO,Columbus McKinnon Corporation
CMCSA,Comcast Corporation
CBSH,"Commerce Bancshares, Inc."
CVGI,Commercial Vehicle Group Inc.
JCS,Communications Systems Inc.
CTBI,Community Trust Bancorp Inc.
CWBC,Community West Bancshares
CVLT,"CommVault Systems, Inc."
CPSI,Computer Programs & Systems Inc.
CTG,Computer Task Group Inc.
SCOR,"comScore, Inc."
CHCI,"Comstock Holding Companies, Inc."
CMTL,Comtech Telecommunications Corp.
CNMD,CONMED Corporation
CNOB,"ConnectOne Bancorp, Inc."
CONN,Conns Inc.
CNSL,Consolidated Communications Holdings Inc.
CWCO,Consolidated Water Co. Ltd.
CPRT,"Copart, Inc."
CORT,Corcept Therapeutics Incorporated
CSOD,"Cornerstone OnDemand, Inc."
CRTX,Cornerstone Therapeutics Inc.
CRVL,CorVel Corporation
CSGP,CoStar Group Inc.
COST,Costco Wholesale Corporation
CPAH,CounterPath Corporation
COWN,"Cowen Group, Inc."
CRAI,CRA International Inc.
CBRL,"Cracker Barrel Old Country Store, Inc."
BREW,"Craft Brew Alliance, Inc."
CACC,Credit Acceptance Corp.
CREE,"Cree, Inc."
CROX,"Crocs, Inc."
CCRN,"Cross Country Healthcare, Inc."
CRWS,"Crown Crafts, Inc."
CSGS,CSG Systems International Inc.
CSPI,CSP Inc.
CSX,CSX Corp.
CPIX,"Cumberland Pharmaceuticals, Inc."
CMLS,Cumulus Media Inc.
CRIS,"Curis, Inc."
CUTR,"Cutera, Inc."
CVBF,CVB Financial Corp.
CVV,CVD Equipment Corporation
CYAN,Cyanotech Corp.
CYBE,CyberOptics Corp.
CYCC,"Cyclacel Pharmaceuticals, Inc."
CYCCP,"Cyclacel Pharmaceuticals, Inc."
CYTK,"Cytokinetics, Incorporated"
DJCO,Daily Journal Corp.
DAKT,Daktronics Inc.
DAIO,Data I/O Corp.
DWSN,Dawson Geophysical Company
DCTH,"Delcath Systems, Inc."
DENN,Denny's Corporation
XRAY,DENTSPLY International Inc.
DXLG,"Destination XL Group, Inc."
DXCM,"DexCom, Inc."
DHIL,Diamond Hill Investment Group Inc.
FANG,"Diamondback Energy, Inc."
DGII,Digi International Inc.
DMRC,Digimarc Corporation
DRAD,Digirad Corporation
DGLY,Digital Ally Inc.
DCOM,Dime Community Bancshares Inc.
DIOD,Diodes Incorporated
DISCA,"Discovery Communications, Inc."
DISCB,"Discovery Communications, Inc."
DISCK,"Discovery Communications, Inc."
DISH,Dish Network Corp.
DLHC,DLH Holdings Corp.
BOOM,Dynamic Materials Corp.
DLTR,"Dollar Tree, Inc."
DGICA,Donegal Group Inc.
DGICB,Donegal Group Inc.
DMLP,Dorchester Minerals LP
DORM,"Dorman Products, Inc."
DSPG,DSP Group Inc.
DCT,DCT Industrial Trust Inc.
DNKN,"Dunkin' Brands Group, Inc."
DRRX,DURECT Corporation
DXPE,"DXP Enterprises, Inc."
DVAX,Dynavax Technologies Corporation
SSP,The E. W. Scripps Company
EBMT,"Eagle Bancorp Montana, Inc."
EWBC,"East West Bancorp, Inc."
EBAY,eBay Inc.
EBIX,Ebix Inc.
ECHO,"Echo Global Logistics, Inc."
SATS,EchoStar Corp.
EDUC,Educational Development Corporation
EGAN,eGain Corporation
EHTH,"eHealth, Inc."
EA,Electronic Arts Inc.
ENTA,"Enanta Pharmaceuticals, Inc."
WIRE,Encore Wire Corp.
ENDP,Endo International plc
EFOI,"Energy Focus, Inc."
ERII,"Energy Recovery, Inc."
ENPH,"Enphase Energy, Inc."
ESGR,Enstar Group Limited
ENTG,"Entegris, Inc."
EBTC,Enterprise Bancorp Inc.
EFSC,Enterprise Financial Services Corp.
EPZM,"Epizyme, Inc."
PLUS,ePlus inc.
EQIX,"Equinix, Inc."
ERIE,Erie Indemnity Company
ESSA,"ESSA Bancorp, Inc."
EEFT,Euronet Worldwide Inc.
EXAS,Exact Sciences Corporation
EXEL,"Exelixis, Inc."
EXLS,"Exlservice Holdings, Inc."
EXPO,Exponent Inc.
EXTR,Extreme Networks Inc.
EZPW,"EZCORP, Inc."
FFIV,"F5 Networks, Inc."
FB,"Facebook, Inc."
FARM,Farmer Brothers Co.
FMNB,Farmers National Banc Corp.
FARO,FARO Technologies Inc.
FAST,Fastenal Company
FBSS,Fauquier Bankshares Inc.
FNHC,Federated National Holding Company
GSM,"Globe Specialty Metals, Inc."
FRGI,"Fiesta Restaurant Group, Inc."
FITB,Fifth Third Bancorp
FISI,Financial Institutions Inc.
FBNC,First Bancorp
FNLC,"The First Bancorp, Inc."
BUSE,First Busey Corporation
FBIZ,"First Business Financial Services, Inc."
FCAP,First Capital Inc.
FCNCA,First Citizens Bancshares Inc.
FCBC,"First Community Bancshares, Inc."
FCCO,First Community Corporation
FFBC,First Financial Bancorp.
FFIN,First Financial Bankshares Inc.
THFF,First Financial Corp.
FFNW,"First Financial Northwest, Inc."
FIBK,First Interstate Bancsystem Inc.
FRME,First Merchants Corporation
FMBI,First Midwest Bancorp Inc.
FSFG,"First Savings Financial Group, Inc."
FSLR,"First Solar, Inc."
FUNC,First United Corporation
FCFS,First Cash Financial Services Inc.
FISV,"Fiserv, Inc."
FIVE,"Five Below, Inc."
FVE,Five Star Quality Care Inc.
FLEX,Flextronics International Ltd.
FLXS,Flexsteel Industries Inc.
FLIR,"FLIR Systems, Inc."
FLDM,Fluidigm Corporation
FFIC,Flushing Financial Corp.
FONR,Fonar Corp.
FORM,FormFactor Inc.
FORR,Forrester Research Inc.
FTNT,Fortinet Inc.
FWRD,Forward Air Corp.
FORD,Forward Industries Inc.
FOSL,"Fossil Group, Inc."
FOX,"Twenty-First Century Fox, Inc."
FOXA,"Twenty-First Century Fox, Inc."
FRAN,Francesca's Holdings Corporation
FELE,"Franklin Electric Co., Inc."
FEIM,Frequency Electronics Inc.
FSBW,"FS Bancorp, Inc."
FTEK,"Fuel-Tech, Inc."
FCEL,FuelCell Energy Inc.
FLL,Full House Resorts Inc.
FULT,Fulton Financial Corporation
GAIA,Gaiam Inc.
GALT,"Galectin Therapeutics, Inc."
GENC,Gencor Industries Inc.
GFN,General Finance Corporation
GNTX,Gentex Corp.
THRM,Gentherm Incorporated
GEOS,Geospace Technologies Corporation
GABC,German American Bancorp Inc.
GERN,Geron Corporation
GEVO,"Gevo, Inc."
GIII,"G-III Apparel Group, Ltd."
GILD,Gilead Sciences Inc.
GBCI,"Glacier Bancorp, Inc."
GOOD,Gladstone Commercial Corp.
GLBZ,Glen Burnie Bancorp
GBLI,Global Indemnity plc
AIQ,"Alliance Healthcare Services, Inc."
DRIV,Digital River Inc.
GLUU,"Glu Mobile, Inc."
LOPE,"Grand Canyon Education, Inc."
GSBC,Great Southern Bancorp Inc.
GPRE,"Green Plains Renewable Energy, Inc."
GCBC,"Greene County Bancorp, Inc."
GLRE,"Greenlight Capital Re, Ltd."
GRIF,Griffin Land & Nurseries Inc.
GRPN,"Groupon, Inc."
GSIT,GSI Technology Inc.
GFED,Guaranty Federal Bancshares Inc.
GIFI,Gulf Island Fabrication Inc.
GPOR,Gulfport Energy Corp.
HEES,nan
HNRG,Hallador Energy Company
HALL,Hallmark Financial Services Inc.
HALO,"Halozyme Therapeutics, Inc."
HAFC,Hanmi Financial Corporation
HLIT,Harmonic Inc.
HBIO,Harvard Bioscience Inc.
HA,Hawaiian Holdings Inc.
HWKN,Hawkins Inc.
HWBK,"Hawthorn Bancshares, Inc."
HAYN,"Haynes International, Inc."
HCSG,Healthcare Services Group Inc.
HSTM,Healthstream Inc.
HTLD,"Heartland Express, Inc."
HTLF,"Heartland Financial USA, Inc."
HSII,Heidrick & Struggles International Inc.
HMTV,"Hemisphere Media Group, Inc."
HSIC,"Henry Schein, Inc."
HTBK,Heritage Commerce Corp.
HFWA,Heritage Financial Corp.
HCCI,"Heritage-Crystal Clean, Inc"
MLHR,Herman Miller Inc.
HSKA,Heska Corporation
HIBB,"Hibbett Sports, Inc."
HMNF,HMN Financial Inc.
HMSY,HMS Holdings Corp.
HOLX,Hologic Inc.
HBCP,"Home Bancorp, Inc."
HOMB,"Home Bancshares, Inc."
HMST,"HomeStreet, Inc."
HTBI,"HomeTrust Bancshares, Inc."
HOFT,Hooker Furniture Corp.
HBNC,Horizon Bancorp
HZNP,"Horizon Pharma, Inc."
HWCC,Houston Wire & Cable Company
HUBG,Hub Group Inc.
HSON,"Hudson Global, Inc"
HURC,Hurco Companies Inc.
HURN,Huron Consulting Group Inc.
ICAD,"iCAD, Inc."
IEP,"Icahn Enterprises, L.P."
ICFI,ICF International Inc.
ICON,"Iconix Brand Group, Inc."
ICUI,"ICU Medical, Inc."
INVE,Identive Group Inc.
IDRA,"Idera Pharmaceuticals, Inc."
IDXX,"IDEXX Laboratories, Inc."
IEC,IEC Electronics Corp.
IESC,"Integrated Electrical Services, Inc."
IROQ,"IF Bancorp, Inc."
IIVI,II-VI Incorporated
IKNX,Ikonics Corp.
ILMN,Illumina Inc.
ISNS,"Image Sensing Systems, Inc."
IMMR,Immersion Corporation
ICCC,ImmuCell Corp.
IMGN,"ImmunoGen, Inc."
IMMU,Immunomedics Inc.
INCY,Incyte Corporation
INDB,Independent Bank Corp.
IBCP,Independent Bank Corporation
IBTX,"Independent Bank Group, Inc."
INFN,Infinera Corporation
INFI,"Infinity Pharmaceuticals, Inc."
III,"Information Services Group, Inc."
IMKTA,"Ingles Markets, Incorporated"
INWK,InnerWorkings Inc.
IOSP,Innospec Inc.
ISSC,Innovative Solutions & Support Inc.
INO,"Inovio Pharmaceuticals, Inc."
NSIT,Insight Enterprises Inc.
ISIG,Insignia Systems Inc.
INSM,Insmed Incorporated
IIIN,Insteel Industries Inc.
PODD,Insulet Corporation
IART,Integra LifeSciences Holdings Corporation
INTC,Intel Corporation
IDN,"Intellicheck Mobilisa, Inc."
IBKR,"Interactive Brokers Group, Inc."
ICPT,"Intercept Pharmaceuticals, Inc."
IDCC,"InterDigital, Inc."
IBOC,International Bancshares Corporation
IVAC,Intevac Inc.
IIN,Intricon Corp.
INTU,Intuit Inc.
ISRG,"Intuitive Surgical, Inc."
ISBC,Investors Bancorp Inc.
ITIC,Investors Title Co.
IPGP,IPG Photonics Corporation
IRIX,IRIDEX Corporation
IRDM,Iridium Communications Inc.
IRBT,iRobot Corporation
IRWD,"Ironwood Pharmaceuticals, Inc."
ITI,"Iteris, Inc."
ITRI,"Itron, Inc."
JJSF,nan
MAYS,JW Mays Inc.
JBHT,JB Hunt Transport Services Inc.
JKHY,Jack Henry & Associates Inc.
JACK,Jack in the Box Inc.
JAKK,"JAKKS Pacific, Inc."
JBLU,JetBlue Airways Corporation
JCTCF,Jewett-Cameron Trading Company Ltd.
JBSS,John B Sanfilippo & Son Inc.
KTOS,"Kratos Defense & Security Solutions, Inc."
KVHI,KVH Industries Inc.
FSTR,LB Foster Co.
LSBK,Lake Shore Bancorp Inc.
LBAI,Lakeland Bancorp Inc.
LKFN,Lakeland Financial Corp.
LRCX,Lam Research Corporation
LAMR,Lamar Advertising Co.
LANC,Lancaster Colony Corporation
LNDC,Landec Corp.
LSTR,Landstar System Inc.
LTRX,"Lantronix, Inc."
LSCC,Lattice Semiconductor Corporation
LCNB,LCNB Corp.
LMAT,"LeMaitre Vascular, Inc."
TREE,"Tree.Com, Inc."
LXRX,"Lexicon Pharmaceuticals, Inc."
LHCG,"LHC Group, Inc."
LCUT,"Lifetime Brands, Inc."
LFVN,Lifevantage Corporation
LWAY,Lifeway Foods Inc.
LGND,Ligand Pharmaceuticals Incorporated
LTBR,Lightbridge Corp.
LLNW,"Limelight Networks, Inc."
LMNR,Limoneira Company
LINC,Lincoln Educational Services Corporation
LECO,Lincoln Electric Holdings Inc.
LQDT,"Liquidity Services, Inc."
LFUS,Littelfuse Inc.
LIVE,"LiveDeal, Inc."
LPSN,LivePerson Inc.
LKQ,LKQ Corp.
LOGC,LOGIC Devices Incorporated
LOGI,Logitech International SA
LORL,"Loral Space & Communications, Inc."
LPLA,LPL Financial Holdings Inc.
LYTS,LSI Industries Inc.
LULU,Lululemon Athletica Inc.
LMNX,Luminex Corporation
LUNA,Luna Innovations Incorporated
MCBC,Macatawa Bank Corp.
MFNC,Mackinac Financial Corporation
MTSI,"M/A-Com Technology Solutions Holdings, Inc."
MGLN,Magellan Health Services Inc.
MGYR,"Magyar Bancorp, Inc."
MANH,"Manhattan Associates, Inc."
LOAN,"Manhattan Bridge Capital, Inc."
MNTX,"Manitex International, Inc."
MNKD,MannKind Corp.
MCHX,"Marchex, Inc."
MRIN,Marin Software Incorporated
MKTX,MarketAxess Holdings Inc.
MRLN,Marlin Business Services Corp.
MAR,"Marriott International, Inc."
MRTN,Marten Transport Ltd.
MRVL,Marvell Technology Group Ltd.
MASI,Masimo Corporation
MTRX,Matrix Service Company
MAT,"Mattel, Inc."
MATW,Matthews International Corporation
MXIM,"Maxim Integrated Products, Inc."
MNOV,MediciNova Inc.
MEIP,"MEI Pharma, Inc."
MELI,"Mercadolibre, Inc."
MBWM,Mercantile Bank Corp.
MRCY,"Mercury Systems, Inc."
EBSB,"Meridian Interstate Bancorp, Inc."
VIVO,"Meridian Bioscience, Inc."
MMSI,"Merit Medical Systems, Inc."
MACK,"Merrimack Pharmaceuticals, Inc."
MLAB,Mesa Laboratories Inc.
CASH,"Meta Financial Group, Inc."
MGPI,MGP Ingredients Inc.
MCHP,Microchip Technology Inc.
MSFT,Microsoft Corporation
MSTR,MicroStrategy Inc.
MPB,Mid Penn Bancorp Inc.
MSEX,Middlesex Water Co.
MOFG,"MidWest One Financial Group, Inc."
MIND,Mitcham Industries Inc.
MITK,"Mitek Systems, Inc."
MKSI,"MKS Instruments, Inc."
MNTA,Momenta Pharmaceuticals Inc.
MCRI,Monarch Casino & Resort Inc.
MDLZ,"Mondelez International, Inc."
MPWR,Monolithic Power Systems Inc.
MNRO,Monro Muffler Brake Inc.
MNST,Monster Beverage Corporation
MORN,Morningstar Inc.
MOSY,"MoSys, Inc."
MPAA,Motorcar Parts of America Inc.
MTSC,MTS Systems Corporation
MYRG,"MYR Group, Inc."
MYGN,Myriad Genetics Inc.
NSSC,"Napco Security Technologies, Inc."
NDAQ,"The Nasdaq OMX Group, Inc."
NATH,Nathan's Famous Inc.
NKSH,National Bankshares Inc.
FIZZ,National Beverage Corp.
NCMI,"National CineMedia, Inc."
NATI,National Instruments Corporation
NSEC,National Security Group Inc.
NWLI,National Western Life Insurance Company
NATR,Nature's Sunshine Products Inc.
NBTB,"NBT Bancorp, Inc."
NKTR,Nektar Therapeutics
NEOG,Neogen Corp.
NEO,Neogenomics Inc.
NEON,"Neonode, Inc."
UEPS,Net 1 Ueps Technologies Inc.
NTAP,"NetApp, Inc."
NFLX,"Netflix, Inc."
NTGR,Netgear Inc.
NTCT,"NetScout Systems, Inc."
NTWK,"NetSol Technologies, Inc."
NBIX,Neurocrine Biosciences Inc.
NURO,NeuroMetrix Inc.
NYMT,New York Mortgage Trust Inc.
NEWT,Newtek Business Services Inc.
NXST,"Nexstar Broadcasting Group, Inc."
EGOV,NIC Inc.
NICK,Nicholas Financial Inc.
NNBR,NN Inc.
NDSN,Nordson Corporation
NSYS,Nortech Systems Inc.
NTIC,Northern Technologies International Corp.
NTRS,Northern Trust Corporation
NRIM,Northrim Bancorp Inc.
NWBI,"Northwest Bancshares, Inc."
NWPX,Northwest Pipe Co.
NCLH,Norwegian Cruise Line Holdings Ltd.
NWFL,Norwood Financial Corp.
NVEC,NVE Corp.
NVDA,NVIDIA Corporation
OVLY,Oak Valley Bancorp
OAS,Oasis Petroleum Inc.
OBCI,Ocean Bio-Chem Inc.
OCFC,OceanFirst Financial Corp.
OFED,Oconee Federal Financial Corp.
OVBC,Ohio Valley Banc Corp.
ODFL,Old Dominion Freight Line Inc.
OSBC,Old Second Bancorp Inc.
ZEUS,Olympic Steel Inc.
OFLX,"OmegaFlex, Inc."
OTEX,Open Text Corporation
OCC,Optical Cable Corp.
ORMP,Oramed Pharmaceuticals Inc.
OSUR,"OraSure Technologies, Inc."
ORBC,"ORBCOMM, Inc."
ORLY,O'Reilly Automotive Inc.
OESX,"Orion Energy Systems, Inc"
ORRF,Orrstown Financial Services Inc.
OFIX,Orthofix International N.V.
OSIS,"OSI Systems, Inc."
OTTR,Otter Tail Corporation
OSTK,Overstock.com Inc.
PFIN,nan
PTSI,"P.A.M. Transportation Services, Inc."
PCAR,PACCAR Inc.
PACB,"Pacific Biosciences of California, Inc."
PEIX,"Pacific Ethanol, Inc."
PPBI,Pacific Premier Bancorp Inc.
PACW,PacWest Bancorp
PCYG,Park City Group Inc.
PKOH,Park-Ohio Holdings Corp.
PBHC,"Pathfinder Bancorp, Inc."
PATK,Patrick Industries Inc.
PNBK,Patriot National Bancorp Inc.
PDCO,"Patterson Companies, Inc."
PTEN,Patterson-UTI Energy Inc.
PAYX,"Paychex, Inc."
PCTI,"PCTEL, Inc."
PDCE,"PDC Energy, Inc."
PDFS,PDF Solutions Inc.
PDLI,"PDL BioPharma, Inc."
PGC,Peapack-Gladstone Financial Corp.
PEGA,Pegasystems Inc.
PENN,Penn National Gaming Inc.
PWOD,Penns Woods Bancorp Inc.
PEBO,Peoples Bancorp Inc.
PEBK,"Peoples Bancorp of North Carolina, Inc."
PFIS,Peoples Financial Services Corp.
PBCT,People's United Financial Inc.
PEP,"Pepsico, Inc."
PRCP,"Perceptron, Inc."
PRFT,Perficient Inc.
PFMT,Performant Financial Corporation
PESI,Perma-Fix Environmental Services Inc.
PETS,"PetMed Express, Inc."
PFSW,PFSweb Inc.
PGTI,"PGT, Inc."
PLAB,Photronics Inc.
PICO,PICO Holdings Inc.
PPC,Pilgrim's Pride Corporation
PNFP,Pinnacle Financial Partners Inc.
PXLW,"Pixelworks, Inc."
PLXS,Plexus Corp.
PSTI,"Pluristem Therapeutics, Inc."
POOL,Pool Corp.
BPOP,"Popular, Inc."
POWL,"Powell Industries, Inc."
POWI,Power Integrations Inc.
PRAA,Portfolio Recovery Associates Inc.
PLPC,Preformed Line Products Company
PFBI,Premier Financial Bancorp Inc.
PBIO,"Pressure BioSciences, Inc."
PRGX,"PRGX Global, Inc."
PSMT,PriceSmart Inc.
PNRG,PrimeEnergy Corp.
PRMW,Primo Water Corporation
PRIM,Primoris Services Corporation
PFG,Principal Financial Group Inc.
PDEX,Pro-Dex Inc.
PRGS,Progress Software Corporation
PFPT,"Proofpoint, Inc."
PRPH,"ProPhase Labs, Inc."
PRTA,Prothena Corporation plc
PROV,"Provident Financial Holdings, Inc."
PBIP,"Prudential Bancorp, Inc."
PBYI,"Puma Biotechnology, Inc."
PCYO,Pure Cycle Corporation
QADA,QAD Inc.
QADB,QAD Inc.
QCRH,QCR Holdings Inc.
QCOM,QUALCOMM Incorporated
QLYS,"Qualys, Inc."
QUIK,QuickLogic Corporation
QDEL,Quidel Corp.
QNST,"QuinStreet, Inc."
RRD,R.R. Donnelley & Sons Company
RDNT,"RadNet, Inc."
RMBS,Rambus Inc.
RAVN,Raven Industries Inc.
ROLL,RBC Bearings Inc.
RICK,Rick's Cabaret International Inc.
RDI,"Reading International, Inc."
RDIB,"Reading International, Inc."
RNWK,RealNetworks Inc.
RP,"RealPage, Inc."
RCON,"Recon Technology, Ltd."
RRGB,Red Robin Gourmet Burgers Inc.
REED,"REEDS, Inc."
REG,Regency Centers Corporation
REGN,"Regeneron Pharmaceuticals, Inc."
RGLS,Regulus Therapeutics Inc.
RELV,"Reliv International, Inc."
MARK,"Remark Media, Inc."
RNST,Renasant Corp.
RCII,"Rent-A-Center, Inc."
RGEN,Repligen Corporation
RBCAA,Republic Bancorp Inc.
FRBK,Republic First Bancorp Inc.
REFR,Research Frontiers Inc.
RGP,Regency Energy Partners LP
ROIC,Retail Opportunity Investments Corp.
RFIL,"RF Industries, Ltd."
RGCO,"RGC Resources, Inc."
RELL,Richardson Electronics Ltd.
RIGL,"Rigel Pharmaceuticals, Inc."
RVSB,Riverview Bancorp Inc.
RCKY,"Rocky Brands, Inc."
RMCF,Rocky Mountain Chocolate Factory Inc.
ROST,Ross Stores Inc.
RGLD,"Royal Gold, Inc."
RPRX,Repros Therapeutics Inc.
RBCN,"Rubicon Technology, Inc."
RUSHA,"Rush Enterprises, Inc."
RUSHB,"Rush Enterprises, Inc."
STBA,nan
SANW,nan
SGA,Saga Communications Inc.
SALM,Salem Communications Corp.
SAL,Salisbury Bancorp Inc.
SAFM,"Sanderson Farms, Inc."
SASR,Sandy Spring Bancorp Inc.
SGMO,Sangamo Biosciences Inc.
SANM,Sanmina Corporation
SRPT,"Sarepta Therapeutics, Inc."
STSA,Sterling Financial Corporation
SBAC,SBA Communications Corp.
SCSC,"ScanSource, Inc."
SMIT,"Schmitt Industries, Inc."
SCHN,"Schnitzer Steel Industries, Inc."
SCHL,Scholastic Corporation
SGMS,Scientific Games Corporation
SEAC,SeaChange International Inc.
SBCF,Seacoast Banking Corp. of Florida
STX,Seagate Technology Public Limited Company
SGEN,Seattle Genetics Inc.
SNFCA,Security National Financial Corp.
SEIC,SEI Investments Co.
LEDS,SemiLEDs Corporation
SMTC,Semtech Corporation
SENEA,Seneca Foods Corp.
SENEB,Seneca Foods Corp.
SREV,"ServiceSource International, Inc."
SVBI,Severn Bancorp Inc.
SMED,Sharps Compliance Corp.
SHEN,Shenandoah Telecommunications Co.
SCVL,Shoe Carnival Inc.
BSRR,Sierra Bancorp
SIGA,"SIGA Technologies, Inc."
SGMA,SigmaTron International Inc.
SLGN,Silgan Holdings Inc.
SLAB,Silicon Laboratories Inc.
SFNC,Simmons First National Corporation
SLP,"Simulations Plus, Inc."
SBGI,Sinclair Broadcast Group Inc.
SKYW,SkyWest Inc.
SWKS,Skyworks Solutions Inc.
SLM,SLM Corporation
SMSI,Smith Micro Software Inc.
SMTX,SMTC Corporation
SCKT,"Socket Mobile, Inc."
SOHU,Sohu.com Inc.
SONA,Southern National Bancorp of Virginia Inc.
SBSI,Southside Bancshares Inc.
SPTN,Spartan Stores Inc.
SPPI,"Spectrum Pharmaceuticals, Inc."
SPRO,SmartPros Ltd.
SAVE,"Spirit Airlines, Inc."
SPLK,"Splunk, Inc."
SPSC,"SPS Commerce, Inc."
SSNC,nan
STAA,STAAR Surgical Company
STMP,Stamps.com Inc.
STND,Standard Financial Corp.
SBUX,Starbucks Corporation
STFC,State Auto Financial Corp.
STLD,Steel Dynamics Inc.
SRCL,"Stericycle, Inc."
STRL,Sterling Construction Co. Inc.
SHOO,"Steven Madden, Ltd."
SYBT,"Stock Yards Bancorp, Inc."
STRA,Strayer Education Inc.
STRT,STRATTEC Security Corporation
STRS,Stratus Properties Inc.
STRM,"Streamline Health Solutions, Inc."
SUMR,"Summer Infant, Inc."
SMMF,Summit Financial Group Inc.
SNSS,"Sunesis Pharmaceuticals, Inc."
SPWR,SunPower Corporation
SMCI,"Super Micro Computer, Inc."
SCON,Superconductor Technologies Inc.
SGC,Superior Uniform Group Inc.
SUPN,"Supernus Pharmaceuticals, Inc."
SPRT,"Support.com, Inc."
SRDX,"SurModics, Inc."
SIVB,SVB Financial Group
SYKE,"Sykes Enterprises, Incorporated"
SYNC,"Synacor, Inc."
SYNA,Synaptics Inc.
SNCR,"Synchronoss Technologies, Inc."
SNPS,Synopsys Inc.
SYPR,Sypris Solutions Inc.
TROW,"T. Rowe Price Group, Inc."
TAIT,Taitron Components Inc.
TTWO,Take-Two Interactive Software Inc.
TAYD,Taylor Devices Inc.
AMTD,TD Ameritrade Holding Corporation
TCCO,Technical Communications Corporation
TTGT,"TechTarget, Inc."
TNAV,"Telenav, Inc."
TER,Teradyne Inc.
TBNK,Territorial Bancorp Inc.
TSLA,"Tesla Motors, Inc."
TESS,TESSCO Technologies Inc.
TTEK,Tetra Tech Inc.
TCBI,Texas Capital BancShares Inc.
TXN,Texas Instruments Inc.
TXRH,"Texas Roadhouse, Inc."
TFSL,TFS Financial Corp
ANDE,"The Andersons, Inc."
CG,The Carlyle Group LP
CAKE,The Cheesecake Factory Incorporated
CHEF,"The Chefs' Warehouse, Inc."
ENSG,"The Ensign Group, Inc."
XONE,The ExOne Company
FBMS,First Bancshares Inc.
FLIC,The First of Long Island Corporation
HCKT,"The Hackett Group, Inc."
HAIN,"The Hain Celestial Group, Inc."
INTG,The InterGroup Corporation
MIDD,Middleby Corp.
ODP,"Office Depot, Inc."
PRSC,Providence Service Corp.
SMPL,"Simplicity Bancorp, Inc."
TSBK,"Timberland Bancorp, Inc."
TITN,"Titan Machinery, Inc."
CLUB,Town Sports International Holdings Inc.
TSCO,Tractor Supply Company
TW,Towers Watson & Co.
TACT,TransAct Technologies Incorporated
TRNS,Transcat Inc.
TBIO,Transgenomic Inc.
TA,TravelCenters of America LLC
TZOO,Travelzoo Inc.
TCBK,TriCo Bancshares
TRMB,Trimble Navigation Limited
TRIP,TripAdvisor Inc.
TSC,"Tristate Capital Holdings, Inc."
TRST,TrustCo Bank Corp. NY
TRMK,Trustmark Corporation
TTEC,TeleTech Holdings Inc.
TTMI,TTM Technologies Inc.
TC,Thompson Creek Metals Company Inc.
TWIN,"Twin Disc, Incorporated"
USEG,US Energy Corp.
UFPI,Universal Forest Products Inc.
UFPT,"UFP Technologies, Inc."
ULTA,"ULTA Salon, Cosmetics & Fragrance, Inc."
UCTT,Ultra Clean Holdings Inc.
ULBI,Ultralife Corp.
UMPQ,Umpqua Holdings Corporation
UNAM,Unico American Corp.
UNB,"Union Bankshares, Inc."
UAL,"United Continental Holdings, Inc."
UBCP,United Bancorp Inc.
UBOH,United Bancshares Inc.
UBSI,United Bankshares Inc.
UFCS,"United Fire Group, Inc"
UIHC,United Insurance Holdings Corp.
UNFI,"United Natural Foods, Inc."
UBFO,United Security Bancshares
USLM,"United States Lime & Minerals, Inc."
UTHR,United Therapeutics Corporation
UG,United-Guardian Inc.
UNTY,Unity Bancorp Inc.
UEIC,Universal Electronics Inc.
USAP,Universal Stainless & Alloy Products Inc.
UVSP,Univest Corporation of Pennsylvania
TIGR,TigerLogic Corporation
URBN,Urban Outfitters Inc.
ECOL,"US Ecology, Inc."
USAK,USA Truck Inc.
VLY,Valley National Bancorp
VALU,"Value Line, Inc."
VNDA,"Vanda Pharmaceuticals, Inc."
VECO,Veeco Instruments Inc.
VRA,"Vera Bradley, Inc."
VSTM,"Verastem, Inc."
VRNT,Verint Systems Inc.
VRSN,"VeriSign, Inc."
VRSK,"Verisk Analytics, Inc."
VTNR,"Vertex Energy, Inc."
VRTX,Vertex Pharmaceuticals Incorporated
VSAT,ViaSat Inc.
VICR,Vicor Corp.
VBFC,Village Bank & Trust Financial Corp.
VLGEA,Village Super Market Inc.
VIRC,Virco Mfg. Corporation
VRTS,"Virtus Investment Partners, Inc."
VRTU,Virtusa Corp.
VC,Visteon Corporation
VG,Vonage Holdings Corporation
VOXX,VOXX International Corporation
VSEC,VSE Corp.
WAFD,Washington Federal Inc.
WSBF,"Waterstone Financial, Inc."
WSTG,"Wayside Technology Group, Inc."
WDFC,WD-40 Company
WEN,The Wendy's Company
WSBC,WesBanco Inc.
WTBA,"West Bancorp., Inc."
WABC,Westamerica Bancorp.
WSTL,"Westell Technologies, Inc."
WDC,Western Digital Corporation
WEYS,Weyco Group Inc.
WHLR,"Wheeler Real Estate Investment Trust, Inc."
WVVI,Willamette Valley Vineyards Inc.
WLDN,"Willdan Group, Inc."
WLFC,Willis Lease Finance Corp.
WINA,Winmark Corp.
WTFC,Wintrust Financial Corporation
WETF,"WisdomTree Investments, Inc."
WWD,"Woodward, Inc."
WDAY,"Workday, Inc."
WRLD,World Acceptance Corp.
WMGI,Wright Medical Group Inc.
WSFS,WSFS Financial Corp.
WVFC,WVS Financial Corp.
WYNN,Wynn Resorts Ltd.
XEL,Xcel Energy Inc.
XLNX,Xilinx Inc.
XOMA,XOMA Corporation
CTIB,CTI Industries Corp.
ZAGG,ZAGG Inc
ZBRA,Zebra Technologies Corp.
Z,"Zillow, Inc."
ZION,Zions Bancorporation
ZIOP,"ZIOPHARM Oncology, Inc."
ZIXI,Zix Corporation
ZUMZ,"Zumiez, Inc."
ZNGA,"Zynga, Inc."
ACU,Acme United Corp.
AE,Adams Resources & Energy Inc.
ACY,AeroCentury Corp.
APT,Alpha Pro Tech Ltd.
DIT,AMCON Distributing Co.
AMS,American Shared Hospital Services
AMPE,"Ampio Pharmaceuticals, Inc."
AWX,Avalon Holdings Corp.
BTN,"Ballantyne Strong, Inc"
BHB,Bar Harbor Bankshares
BRN,"Barnwell Industries, Inc."
BDR,Blonder Tongue Laboratories Inc.
CVM,CEL-SCI Corporation
CCF,Chase Corporation
CVR,Chicago Rivet & Machine Co.
CKX,CKX Lands Inc.
CIX,CompX International Inc.
LODE,"Comstock Mining, Inc."
MCF,Contango Oil & Gas Company
CRMD,"CorMedix, Inc."
CVU,CPI Aerostructures Inc.
CTO,Consolidated Tomoka Land Co.
DXR,Daxor Corp.
DLA,Delta Apparel Inc.
DSS,"Document Security Systems, Inc."
DPW,Digital Power Corp.
EPM,Evolution Petroleum Corp.
BDL,Flanigan's Enterprises Inc.
FSI,Flexible Solutions International Inc.
FSP,Franklin Street Properties Corp.
FRD,"Friedman Industries, Incorporated"
JOB,General Employment Enterprises Inc.
GMO,"General Moly, Inc."
GORO,Gold Resource Corp
HMG,HMG/Courtland Properties Inc.
HUSA,Houston American Energy Corp.
IBIO,"iBio, Inc."
IMH,Impac Mortgage Holdings Inc.
IMO,Imperial Oil Ltd.
IGC,"India Globalization Capital, Inc."
INFU,"InfuSystem Holdings, Inc."
IHT,Innsuites Hospitality Trust
INS,Intelligent Systems Corporation
INTT,inTEST Corp.
INUV,"Inuvo, Inc."
ISR,"IsoRay, Inc."
LGL,"The LGL Group, Inc."
MAG,Magnetek Inc.
MHH,"Mastech Holdings, Inc."
NHC,National Healthcare Corp.
NAVB,"Navidea Biopharmaceuticals, Inc"
GBR,"New Concept Energy, Inc."
NEN,New England Realty Associates LP
NTN,NTN Buzztime Inc.
NES,"Nuverra Environmental Solutions, Inc."
PZG,Paramount Gold and Silver Corp.
PRK,Park National Corp.
PW,Power REIT
RLGT,"Radiant Logistics, Inc."
RVP,"Retractable Technologies, Inc."
SEB,Seaboard Corp.
SVT,Servotronics Inc.
LOV,"Spark Networks, Inc."
STXS,Stereotaxis Inc.
SSY,SunLink Health Systems Inc.
SYN,Synthetic Biologics Inc.
TGC,Tengasco Inc.
TMP,Tompkins Financial Corporation
TAT,TransAtlantic Petroleum Ltd.
TRT,Trio-Tech International
UAMY,United States Antimony Corp.
UUU,Universal Security Instruments Inc.
URG,UR-Energy Inc.
UEC,Uranium Energy Corp.
VGZ,Vista Gold Corp.
WYY,WidePoint Corp.
WTT,Wireless Telecom Group Inc.
